{"coverage": 93.51851851851852, "raw_data": {"meta": {"format": 3, "version": "7.6.0", "timestamp": "2024-07-22T04:14:55.228716", "branch_coverage": false, "show_contexts": false}, "files": {"src/chart.py": {"executed_lines": [1, 2, 4, 5, 6, 7, 8, 9, 10, 11, 12, 15, 16, 21, 28, 36, 42, 43, 44, 47, 49, 50, 51, 52, 56, 57, 58, 59, 61, 62, 63, 65, 66, 68, 71], "summary": {"covered_lines": 35, "num_statements": 39, "percent_covered": 89.74358974358974, "percent_covered_display": "90", "missing_lines": 4, "excluded_lines": 0}, "missing_lines": [53, 54, 55, 72], "excluded_lines": [], "functions": {"compare_chart": {"executed_lines": [42, 43, 44, 47, 49, 50, 51, 52, 56, 57, 58, 59, 61, 62, 63, 65, 66, 68], "summary": {"covered_lines": 18, "num_statements": 21, "percent_covered": 85.71428571428571, "percent_covered_display": "86", "missing_lines": 3, "excluded_lines": 0}, "missing_lines": [53, 54, 55], "excluded_lines": []}, "": {"executed_lines": [1, 2, 4, 5, 6, 7, 8, 9, 10, 11, 12, 15, 16, 21, 28, 36, 71], "summary": {"covered_lines": 17, "num_statements": 18, "percent_covered": 94.44444444444444, "percent_covered_display": "94", "missing_lines": 1, "excluded_lines": 0}, "missing_lines": [72], "excluded_lines": []}}, "classes": {"": {"executed_lines": [1, 2, 4, 5, 6, 7, 8, 9, 10, 11, 12, 15, 16, 21, 28, 36, 42, 43, 44, 47, 49, 50, 51, 52, 56, 57, 58, 59, 61, 62, 63, 65, 66, 68, 71], "summary": {"covered_lines": 35, "num_statements": 39, "percent_covered": 89.74358974358974, "percent_covered_display": "90", "missing_lines": 4, "excluded_lines": 0}, "missing_lines": [53, 54, 55, 72], "excluded_lines": []}}}, "src/tcx.py": {"executed_lines": [1, 2, 3, 5, 7, 10, 11, 12, 13, 14, 15, 16, 17, 19, 20, 21, 22, 25, 26, 27, 28, 29, 34, 36, 37, 38, 39, 42, 43, 44, 45, 48, 49, 50, 52, 53, 54, 56, 57, 58, 60, 61, 62, 64, 65, 67, 69, 70, 71, 73, 74, 75, 77, 78, 80, 81, 83, 84, 86, 88, 89, 91, 93, 94, 96, 97], "summary": {"covered_lines": 66, "num_statements": 69, "percent_covered": 95.65217391304348, "percent_covered_display": "96", "missing_lines": 3, "excluded_lines": 0}, "missing_lines": [24, 40, 46], "excluded_lines": [], "functions": {"TCXParser.__init__": {"executed_lines": [12, 13, 14, 15, 16, 17, 19, 20, 21, 22, 25, 26, 27, 28, 29, 34], "summary": {"covered_lines": 16, "num_statements": 17, "percent_covered": 94.11764705882354, "percent_covered_display": "94", "missing_lines": 1, "excluded_lines": 0}, "missing_lines": [24], "excluded_lines": []}, "TCXParser.latitude": {"executed_lines": [38, 39], "summary": {"covered_lines": 2, "num_statements": 3, "percent_covered": 66.66666666666667, "percent_covered_display": "67", "missing_lines": 1, "excluded_lines": 0}, "missing_lines": [40], "excluded_lines": []}, "TCXParser.longitude": {"executed_lines": [44, 45], "summary": {"covered_lines": 2, "num_statements": 3, "percent_covered": 66.66666666666667, "percent_covered_display": "67", "missing_lines": 1, "excluded_lines": 0}, "missing_lines": [46], "excluded_lines": []}, "TCXParser.activity_type": {"executed_lines": [50], "summary": {"covered_lines": 1, "num_statements": 1, "percent_covered": 100.0, "percent_covered_display": "100", "missing_lines": 0, "excluded_lines": 0}, "missing_lines": [], "excluded_lines": []}, "TCXParser.completed_at": {"executed_lines": [54], "summary": {"covered_lines": 1, "num_statements": 1, "percent_covered": 100.0, "percent_covered_display": "100", "missing_lines": 0, "excluded_lines": 0}, "missing_lines": [], "excluded_lines": []}, "TCXParser.distance": {"executed_lines": [58], "summary": {"covered_lines": 1, "num_statements": 1, "percent_covered": 100.0, "percent_covered_display": "100", "missing_lines": 0, "excluded_lines": 0}, "missing_lines": [], "excluded_lines": []}, "TCXParser.distance_units": {"executed_lines": [62], "summary": {"covered_lines": 1, "num_statements": 1, "percent_covered": 100.0, "percent_covered_display": "100", "missing_lines": 0, "excluded_lines": 0}, "missing_lines": [], "excluded_lines": []}, "TCXParser.duration": {"executed_lines": [67], "summary": {"covered_lines": 1, "num_statements": 1, "percent_covered": 100.0, "percent_covered_display": "100", "missing_lines": 0, "excluded_lines": 0}, "missing_lines": [], "excluded_lines": []}, "TCXParser.pace": {"executed_lines": [71], "summary": {"covered_lines": 1, "num_statements": 1, "percent_covered": 100.0, "percent_covered_display": "100", "missing_lines": 0, "excluded_lines": 0}, "missing_lines": [], "excluded_lines": []}, "TCXParser.calories": {"executed_lines": [75], "summary": {"covered_lines": 1, "num_statements": 1, "percent_covered": 100.0, "percent_covered_display": "100", "missing_lines": 0, "excluded_lines": 0}, "missing_lines": [], "excluded_lines": []}, "TCXParser.hr_avg": {"executed_lines": [80, 81], "summary": {"covered_lines": 2, "num_statements": 2, "percent_covered": 100.0, "percent_covered_display": "100", "missing_lines": 0, "excluded_lines": 0}, "missing_lines": [], "excluded_lines": []}, "TCXParser.hr_max": {"executed_lines": [86], "summary": {"covered_lines": 1, "num_statements": 1, "percent_covered": 100.0, "percent_covered_display": "100", "missing_lines": 0, "excluded_lines": 0}, "missing_lines": [], "excluded_lines": []}, "TCXParser.hr_min": {"executed_lines": [91], "summary": {"covered_lines": 1, "num_statements": 1, "percent_covered": 100.0, "percent_covered_display": "100", "missing_lines": 0, "excluded_lines": 0}, "missing_lines": [], "excluded_lines": []}, "TCXParser.pace_avg": {"executed_lines": [96, 97], "summary": {"covered_lines": 2, "num_statements": 2, "percent_covered": 100.0, "percent_covered_display": "100", "missing_lines": 0, "excluded_lines": 0}, "missing_lines": [], "excluded_lines": []}, "": {"executed_lines": [1, 2, 3, 5, 7, 10, 11, 36, 37, 42, 43, 48, 49, 52, 53, 56, 57, 60, 61, 64, 65, 69, 70, 73, 74, 77, 78, 83, 84, 88, 89, 93, 94], "summary": {"covered_lines": 33, "num_statements": 33, "percent_covered": 100.0, "percent_covered_display": "100", "missing_lines": 0, "excluded_lines": 0}, "missing_lines": [], "excluded_lines": []}}, "classes": {"TCXParser": {"executed_lines": [12, 13, 14, 15, 16, 17, 19, 20, 21, 22, 25, 26, 27, 28, 29, 34, 38, 39, 44, 45, 50, 54, 58, 62, 67, 71, 75, 80, 81, 86, 91, 96, 97], "summary": {"covered_lines": 33, "num_statements": 36, "percent_covered": 91.66666666666667, "percent_covered_display": "92", "missing_lines": 3, "excluded_lines": 0}, "missing_lines": [24, 40, 46], "excluded_lines": []}, "": {"executed_lines": [1, 2, 3, 5, 7, 10, 11, 36, 37, 42, 43, 48, 49, 52, 53, 56, 57, 60, 61, 64, 65, 69, 70, 73, 74, 77, 78, 83, 84, 88, 89, 93, 94], "summary": {"covered_lines": 33, "num_statements": 33, "percent_covered": 100.0, "percent_covered_display": "100", "missing_lines": 0, "excluded_lines": 0}, "missing_lines": [], "excluded_lines": []}}}}, "totals": {"covered_lines": 101, "num_statements": 108, "percent_covered": 93.51851851851852, "percent_covered_display": "94", "missing_lines": 7, "excluded_lines": 0}}, "coverage_path": "."}