{"coverage": 93.51851851851852, "raw_data": {"meta": {"format": 2, "version": "7.4.4", "timestamp": "2024-04-13T08:40:43.878760", "branch_coverage": false, "show_contexts": false}, "files": {"src/chart.py": {"executed_lines": [1, 2, 4, 5, 6, 7, 8, 9, 10, 11, 12, 15, 16, 21, 28, 36, 42, 43, 44, 47, 49, 50, 51, 52, 56, 57, 58, 59, 61, 62, 63, 65, 66, 68, 71], "summary": {"covered_lines": 35, "num_statements": 39, "percent_covered": 89.74358974358974, "percent_covered_display": "90", "missing_lines": 4, "excluded_lines": 0}, "missing_lines": [53, 54, 55, 72], "excluded_lines": []}, "src/tcx.py": {"executed_lines": [1, 2, 3, 5, 7, 10, 11, 12, 13, 14, 15, 16, 17, 19, 20, 21, 22, 25, 26, 27, 28, 29, 34, 36, 37, 38, 39, 42, 43, 44, 45, 48, 49, 50, 52, 53, 54, 56, 57, 58, 60, 61, 62, 64, 65, 67, 69, 70, 71, 73, 74, 75, 77, 78, 80, 81, 83, 84, 86, 88, 89, 91, 93, 94, 96, 97], "summary": {"covered_lines": 66, "num_statements": 69, "percent_covered": 95.65217391304348, "percent_covered_display": "96", "missing_lines": 3, "excluded_lines": 0}, "missing_lines": [24, 40, 46], "excluded_lines": []}}, "totals": {"covered_lines": 101, "num_statements": 108, "percent_covered": 93.51851851851852, "percent_covered_display": "94", "missing_lines": 7, "excluded_lines": 0}}, "coverage_path": "."}