{"coverage": 95.23809523809524, "raw_data": {"meta": {"format": 2, "version": "7.4.4", "timestamp": "2024-03-15T09:43:39.204062", "branch_coverage": false, "show_contexts": false}, "files": {"src/chart.py": {"executed_lines": [1, 2, 4, 5, 6, 7, 8, 9, 10, 11, 12, 15, 16, 21, 28, 36, 42, 43, 44, 45, 47, 48, 49, 50, 54, 55, 56, 57, 59, 60, 61, 63, 64, 66, 69], "summary": {"covered_lines": 35, "num_statements": 39, "percent_covered": 89.74358974358974, "percent_covered_display": "90", "missing_lines": 4, "excluded_lines": 0}, "missing_lines": [51, 52, 53, 70], "excluded_lines": []}, "src/tcx.py": {"executed_lines": [1, 2, 3, 5, 8, 10, 11, 12, 13, 14, 15, 16, 18, 19, 20, 21, 24, 25, 26, 27, 28, 29, 31, 32, 33, 34, 36, 37, 38, 39, 41, 42, 43, 45, 46, 47, 49, 50, 51, 53, 54, 55, 57, 58, 60, 62, 63, 64, 66, 67, 68, 70, 71, 73, 74, 76, 77, 79, 81, 82, 84, 86, 87, 89, 90], "summary": {"covered_lines": 65, "num_statements": 66, "percent_covered": 98.48484848484848, "percent_covered_display": "98", "missing_lines": 1, "excluded_lines": 0}, "missing_lines": [23], "excluded_lines": []}}, "totals": {"covered_lines": 100, "num_statements": 105, "percent_covered": 95.23809523809524, "percent_covered_display": "95", "missing_lines": 5, "excluded_lines": 0}}, "coverage_path": "."}